[
    {
        "nickname": "uiliam6",
        "classe": "Dark Knight",
        "level": 400,
        "forca": 10000,
        "agilidade": 5000,
        "vitalidade": 15000,
        "energia": [8000, 10000],
        "poder_ataque": [12000, 15000],
        "sucesso_ataque": 95,
        "poder_combate": 25000,
        "defesa": 18000,
        "ataque_percent": [80, 90],
        "defesa_percent": 85,
        "dano_magico": [5000, 7000]
    },
    {
        "nickname": "uiliam10",
        "classe": "Dark Lord",
        "level": 350,
        "forca": 12000,
        "agilidade": 4500,
        "vitalidade": 14000,
        "energia": [7500, 9500],
        "poder_ataque": [11000, 14000],
        "sucesso_ataque": 92,
        "poder_combate": 23000,
        "defesa": 17000,
        "ataque_percent": [75, 85],
        "defesa_percent": 80,
        "dano_magico": [4500, 6500]
    },
    {
        "nickname": "uiliam40",
        "classe": "Dark Wizard",
        "level": 300,
        "forca": 8000,
        "agilidade": 6000,
        "vitalidade": 12000,
        "energia": [10000, 12000],
        "poder_ataque": [9000, 12000],
        "sucesso_ataque": 90,
        "poder_combate": 20000,
        "defesa": 15000,
        "ataque_percent": [70, 80],
        "defesa_percent": 75,
        "dano_magico": [6000, 8000]
    },
    {
        "nickname": "uiliam60",
        "classe": "Fairy Elf",
        "level": 280,
        "forca": 7000,
        "agilidade": 7000,
        "vitalidade": 11000,
        "energia": [9000, 11000],
        "poder_ataque": [8000, 11000],
        "sucesso_ataque": 88,
        "poder_combate": 18000,
        "defesa": 14000,
        "ataque_percent": [65, 75],
        "defesa_percent": 70,
        "dano_magico": [5500, 7500]
    },
    {
        "nickname": "uiliam62",
        "classe": "Grow Lancer",
        "level": 320,
        "forca": 9000,
        "agilidade": 5500,
        "vitalidade": 13000,
        "energia": [8500, 10500],
        "poder_ataque": [10000, 13000],
        "sucesso_ataque": 91,
        "poder_combate": 21000,
        "defesa": 16000,
        "ataque_percent": [72, 82],
        "defesa_percent": 78,
        "dano_magico": [5000, 7000]
    },
    {
        "nickname": "uiliam63",
        "classe": "Gun Crusher",
        "level": 310,
        "forca": 8500,
        "agilidade": 5800,
        "vitalidade": 12500,
        "energia": [8800, 10800],
        "poder_ataque": [9500, 12500],
        "sucesso_ataque": 89,
        "poder_combate": 20500,
        "defesa": 15500,
        "ataque_percent": [71, 81],
        "defesa_percent": 77,
        "dano_magico": [5200, 7200]
    },
    {
        "nickname": "uiliam64",
        "classe": "Illusion Knight",
        "level": 330,
        "forca": 9500,
        "agilidade": 5200,
        "vitalidade": 13500,
        "energia": [8200, 10200],
        "poder_ataque": [10500, 13500],
        "sucesso_ataque": 93,
        "poder_combate": 22000,
        "defesa": 16500,
        "ataque_percent": [74, 84],
        "defesa_percent": 79,
        "dano_magico": [4800, 6800]
    },
    {
        "nickname": "uiliam65",
        "classe": "Magic Gladiator",
        "level": 340,
        "forca": 11000,
        "agilidade": 4800,
        "vitalidade": 14500,
        "energia": [7800, 9800],
        "poder_ataque": [11500, 14500],
        "sucesso_ataque": 94,
        "poder_combate": 24000,
        "defesa": 17500,
        "ataque_percent": [78, 88],
        "defesa_percent": 83,
        "dano_magico": [4500, 6500]
    },
    {
        "nickname": "uiliam66",
        "classe": "Rage Fighter",
        "level": 360,
        "forca": 13000,
        "agilidade": 4000,
        "vitalidade": 16000,
        "energia": [7000, 9000],
        "poder_ataque": [13000, 16000],
        "sucesso_ataque": 96,
        "poder_combate": 26000,
        "defesa": 19000,
        "ataque_percent": [85, 95],
        "defesa_percent": 90,
        "dano_magico": [4000, 6000]
    },
    {
        "nickname": "uiliam67",
        "classe": "Rune Mage",
        "level": 290,
        "forca": 7500,
        "agilidade": 6500,
        "vitalidade": 11500,
        "energia": [9500, 11500],
        "poder_ataque": [8500, 11500],
        "sucesso_ataque": 87,
        "poder_combate": 19000,
        "defesa": 14500,
        "ataque_percent": [68, 78],
        "defesa_percent": 73,
        "dano_magico": [5800, 7800]
    },
    {
        "nickname": "uiliam68",
        "classe": "Slayer",
        "level": 370,
        "forca": 14000,
        "agilidade": 3500,
        "vitalidade": 17000,
        "energia": [6500, 8500],
        "poder_ataque": [14000, 17000],
        "sucesso_ataque": 97,
        "poder_combate": 27000,
        "defesa": 20000,
        "ataque_percent": [88, 98],
        "defesa_percent": 93,
        "dano_magico": [3500, 5500]
    },
    {
        "nickname": "uiliam69",
        "classe": "Summoner",
        "level": 270,
        "forca": 6500,
        "agilidade": 7500,
        "vitalidade": 10500,
        "energia": [10000, 12000],
        "poder_ataque": [7500, 10500],
        "sucesso_ataque": 85,
        "poder_combate": 17000,
        "defesa": 13000,
        "ataque_percent": [62, 72],
        "defesa_percent": 67,
        "dano_magico": [6500, 8500]
    },
    {
        "nickname": "uiliam77",
        "classe": "White Wizard",
        "level": 260,
        "forca": 6000,
        "agilidade": 8000,
        "vitalidade": 10000,
        "energia": [11000, 13000],
        "poder_ataque": [7000, 10000],
        "sucesso_ataque": 83,
        "poder_combate": 16000,
        "defesa": 12000,
        "ataque_percent": [60, 70],
        "defesa_percent": 65,
        "dano_magico": [7000, 9000]
    },
    {
        "nickname": "uiliam88",
        "classe": "Dark Knight",
        "level": 380,
        "forca": 15000,
        "agilidade": 3000,
        "vitalidade": 18000,
        "energia": [6000, 8000],
        "poder_ataque": [15000, 18000],
        "sucesso_ataque": 98,
        "poder_combate": 28000,
        "defesa": 21000,
        "ataque_percent": [90, 100],
        "defesa_percent": 95,
        "dano_magico": [3000, 5000]
    },
    {
        "nickname": "uiliam100",
        "classe": "Dark Lord",
        "level": 390,
        "forca": 16000,
        "agilidade": 2500,
        "vitalidade": 19000,
        "energia": [5500, 7500],
        "poder_ataque": [16000, 19000],
        "sucesso_ataque": 99,
        "poder_combate": 29000,
        "defesa": 22000,
        "ataque_percent": [92, 100],
        "defesa_percent": 97,
        "dano_magico": [2500, 4500]
    },
    {
        "nickname": "uiliam6666",
        "classe": "Dark Wizard",
        "level": 400,
        "forca": 17000,
        "agilidade": 2000,
        "vitalidade": 20000,
        "energia": [5000, 7000],
        "poder_ataque": [17000, 20000],
        "sucesso_ataque": 100,
        "poder_combate": 30000,
        "defesa": 23000,
        "ataque_percent": [95, 100],
        "defesa_percent": 100,
        "dano_magico": [2000, 4000]
    }
]